{"benchmark":"gguf_quantized_block_smoke","model_path":"/home/rob/models/mistralai_Mistral-Small-3.1-24B-Instruct-2503-Q4_K_M.gguf","elapsed_ms":702.337310,"gguf_version":3,"tensor_count":363,"metadata_count":45,"file_size":14333910496,"samples":[{"name":"token_embd.weight","tensor_type":12,"tensor_type_name":"Q4_K","absolute_offset":558407136,"tensor_nbytes":377487360,"block_size":256,"type_size":144,"block_byte_checksum":1399239,"decoded_count":256,"decoded_checksum":0.00000000,"decoded_min":0.00000000,"decoded_max":0.00000000,"decoded_first_values":[0.00000000,0.00000000,0.00000000,0.00000000,0.00000000,0.00000000,0.00000000,0.00000000]},{"name":"output.weight","tensor_type":14,"tensor_type_name":"Q6_K","absolute_offset":7884256,"tensor_nbytes":550502400,"block_size":256,"type_size":210,"block_byte_checksum":2574678,"decoded_count":256,"decoded_checksum":2.02629012,"decoded_min":-0.00746346,"decoded_max":0.02221680,"decoded_first_values":[0.00369918,-0.00143194,-0.00238657,-0.00202858,0.00107396,0.00214791,0.00167060,0.00322187]}],"row_samples":[{"name":"token_embd.weight","tensor_type":12,"tensor_type_name":"Q4_K","row_index":22177,"row_count":131072,"column_count":5120,"absolute_offset":622276896,"row_nbytes":2880,"block_count":20,"block_size":256,"type_size":144,"row_byte_checksum":545126211,"decoded_count":5120,"decoded_checksum":-708.97353995,"decoded_min":-0.01200128,"decoded_max":0.01159585,"decoded_first_values":[0.00040722,-0.00156045,-0.00057662,-0.00057662,-0.00156045,-0.00254428,-0.00451195,0.00631022]},{"name":"output.weight","tensor_type":14,"tensor_type_name":"Q6_K","row_index":100,"row_count":131072,"column_count":5120,"absolute_offset":8304256,"row_nbytes":4200,"block_count":20,"block_size":256,"type_size":210,"row_byte_checksum":1067259579,"decoded_count":5120,"decoded_checksum":-411.11805451,"decoded_min":-0.03311157,"decoded_max":0.02814484,"decoded_first_values":[0.00369918,-0.00143194,-0.00238657,-0.00202858,0.00107396,0.00214791,0.00167060,0.00322187]}],"row_dot_samples":[{"lhs_tensor":"token_embd.weight","lhs_row":22177,"rhs_tensor":"output.weight","rhs_row":100,"dimension":5120,"dot_product":-0.000096131074,"abs_sum":0.024979591749,"lhs_decoded_checksum":-708.97353995,"rhs_decoded_checksum":-411.11805451}],"prefix_logits_samples":[{"input_tensor":"token_embd.weight","input_row":22177,"output_tensor":"output.weight","output_row_start":0,"output_row_count":131072,"dimension":5120,"logit_count":131072,"logits_checksum":-62290.908312675587,"first_logits":[{"row_index":0,"value":-0.000094391383},{"row_index":1,"value":-0.000096370772},{"row_index":2,"value":0.000449394164},{"row_index":3,"value":-0.000096530855},{"row_index":4,"value":-0.000095216124},{"row_index":5,"value":-0.000097309993},{"row_index":6,"value":-0.000095216124},{"row_index":7,"value":-0.000095610814}],"top_logits":[{"row_index":109526,"value":0.003623424131},{"row_index":31494,"value":0.003538852008},{"row_index":123618,"value":0.003535035527},{"row_index":57996,"value":0.003493666385},{"row_index":6731,"value":0.003466000154}]}],"limitations":["selected-block selected-row selected-row-dot and logit-range CPU decode only","not full transformer inference or generated-token logits","not GPU matmul","not AeroNum-native GGUF token inference throughput"]}
