{
  "end_epoch_seconds": 1780034997.9539065,
  "start_epoch_seconds": 1780034996.9416037,
  "wall_time_seconds": 1.0123028755187988
}
