{
  "end_epoch_seconds": 1780033968.0912657,
  "start_epoch_seconds": 1780033841.9003844,
  "wall_time_seconds": 126.19088125228882
}
