{
  "end_epoch_seconds": 1780034342.9636106,
  "start_epoch_seconds": 1780034341.951105,
  "wall_time_seconds": 1.0125055313110352
}
