{
  "end_epoch_seconds": 1780035266.6485014,
  "start_epoch_seconds": 1780035265.603746,
  "wall_time_seconds": 1.044755458831787
}
