{
  "end_epoch_seconds": 1780034678.079911,
  "start_epoch_seconds": 1780034677.0716937,
  "wall_time_seconds": 1.0082173347473145
}
