{
  "end_epoch_seconds": 1780033574.0820029,
  "start_epoch_seconds": 1780033455.6713152,
  "wall_time_seconds": 118.41068768501282
}
